{
  "timestamp": "2025-10-20T20:40:19.457957-06:00",
  "platform": "darwin",
  "architecture": "arm64",
  "go_version": "go1.25.1",
  "tests": {
    "typechecker_complexity_10": {
      "name": "typechecker_complexity_10",
      "duration": 1166560334,
      "memory_usage": 481352,
      "iterations": 153464,
      "throughput": 131552.5614297117
    },
    "typechecker_complexity_100": {
      "name": "typechecker_complexity_100",
      "duration": 1317334791,
      "memory_usage": 831240,
      "iterations": 16899,
      "throughput": 12828.174064371158
    },
    "typechecker_complexity_200": {
      "name": "typechecker_complexity_200",
      "duration": 1158057959,
      "memory_usage": 18446744073708274736,
      "iterations": 7981,
      "throughput": 6891.710331054337
    },
    "typechecker_complexity_50": {
      "name": "typechecker_complexity_50",
      "duration": 1192979208,
      "memory_usage": 1951040,
      "iterations": 33645,
      "throughput": 28202.503257709748
    }
  }
}